{"cameraMode":{"drawMode":0,"name":"Shaded","section":"Shading Mode"},"sceneLighting":true,"audioPlay":false,"sceneViewState":{"m_AlwaysRefresh":false,"showFog":true,"showSkybox":true,"showFlares":true,"showImageEffects":true,"showParticleSystems":true,"showVisualEffectGraphs":true,"m_FxEnabled":true},"in2DMode":false,"pivot":{"x":-7.142923355102539,"y":0.46700239181518557,"z":52.509986877441409},"rotation":{"x":-0.24421213567256928,"y":0.29996979236602785,"z":-0.07973651587963104,"w":-0.9187171459197998},"size":18.260759353637697,"orthographic":false}